country,HALE_mean,gmm_cluster,gmm_type,gmm_max_prob,km_cluster,km_type,pm25_exposure,safe_water,basic_sanitation,gdp_per_capita_ppp,physicians_per_1000,beds_per_1000,health_exp_gdp,elderly_share,G_norm
Cabo Verde,64.14681818181818,0,Low-Health,0.9999688503536852,0,Low-Health,39.35617617293451,69.9320099057864,60.42221793388176,8.672608537923029,0.46829762940063524,1.9959090909090909,4.802833883181818,5.1911255126830405,0.4751728598437009
Bangladesh,60.88590909090909,0,Low-Health,0.9999994185669671,0,Low-Health,54.12655128285042,56.059501928583316,41.86036748564099,8.153806827388394,0.34325115579302906,0.5595454545454546,2.178677082727273,4.446488386483131,0.21827837243363818
Nepal,59.416818181818186,0,Low-Health,0.9999646587345178,0,Low-Health,59.72453319010604,25.892073773417977,43.84076392298538,7.827067808255765,0.3889198969394938,0.24954545454545454,4.354539957272727,4.890184826857876,0.23415998441580282
Mauritania,59.317727272727275,0,Low-Health,0.9999999997260831,0,Low-Health,74.97153455039037,69.9320099057864,34.39263467622257,8.22294262605088,0.1410457029820197,0.4,3.2239393222727273,3.3400739285194416,0.2922788642662054
Cambodia,58.02590909090909,0,Low-Health,0.9907365768044062,0,Low-Health,25.86187584304255,22.455186151451276,40.176904931983806,8.146415139211001,0.18770476854727522,0.6799999999999999,5.563287952272727,4.053599404505514,0.20840432234765166
India,57.77363636363636,0,Low-Health,0.9998568097679748,0,Low-Health,62.81939919646311,54.100479752419126,44.279682887128494,8.410168847921014,0.5209154588393876,1.6920454529227271,3.587276046818182,5.187788054857571,0.2610422239222403
Solomon Islands,57.14590909090909,0,Low-Health,0.9999999743527587,0,Low-Health,13.318548227959354,69.9320099057864,27.11003109153124,7.628980655526161,0.16001010320510614,1.6050000000000002,5.8182411300000005,3.50475723524802,0.19092236128730333
Papua New Guinea,56.96727272727273,0,Low-Health,0.9999999999758344,0,Low-Health,16.7691808699694,69.9320099057864,18.864690403531856,8.009380738364072,0.05261401276404544,0.17,2.403900406363636,2.7685881109909998,0.19055356770014562
Senegal,56.429545454545455,0,Low-Health,0.9999975221444325,0,Low-Health,61.298013998775176,23.077603147526023,47.95937047105545,7.9255778267667605,0.11047355811283108,0.4154545454545454,4.129733313636364,3.471214860068257,0.3563276898477196
Sudan,56.155,0,Low-Health,0.9999999981442533,0,Low-Health,58.03228629488811,69.9320099057864,21.84787173728723,8.13704297746976,0.2520872777039873,0.7458333333333332,4.62112077,2.7215763917629032,0.1437846784345005
Pakistan,55.529545454545456,0,Low-Health,0.9961734093058557,0,Low-Health,57.94514829052378,43.73972757882123,50.754874060798016,8.274269728286319,0.589930829184523,0.4809090909090909,2.5199071818181817,3.724112301844785,0.23900306893165302
Djibouti,54.814090909090915,0,Low-Health,0.9998567900541485,0,Low-Health,41.66022432273968,69.9320099057864,54.24140875997519,8.338400933765685,0.17755643372791743,1.4697727272727272,3.2761502700000005,3.7747897322929087,0.3045911908418526
Ghana,54.777272727272724,0,Low-Health,0.9999999999968869,0,Low-Health,53.76861782487733,25.618828994891683,15.821691726729334,8.34231713615628,0.10062660107166846,0.7886363636363637,3.4897195327272725,3.352146250204437,0.4301804037223045
Madagascar,54.41318181818181,0,Low-Health,0.9999999967169177,0,Low-Health,13.568847659873677,13.741849002757275,8.89073426214681,7.272078158900273,0.15205758173406722,0.3402272721318182,4.440180822727273,2.813015891666332,0.2975558172844321
Ethiopia,54.21227272727273,0,Low-Health,0.9999999990336708,0,Low-Health,29.294369669353202,8.275666843054697,6.034471785755022,7.120396888638228,0.04440828336475726,1.217272727272727,4.190869765,2.801192438692917,0.30388700795979456
Kiribati,53.905,0,Low-Health,0.9999964641458804,0,Low-Health,11.569899905409033,11.859509182061798,38.2156146850024,7.614965080828112,0.20102806961293043,1.6143181818181818,10.353220875,3.619378707378516,0.2412478247752409
Rwanda,53.58500000000001,0,Low-Health,0.9999426844870469,0,Low-Health,30.796580752642093,69.9320099057864,60.9274251364135,7.267927466474752,0.06612178416039742,1.0663636363636364,6.753606372727273,2.822036370040179,0.37830218408559096
Gabon,53.57545454545455,0,Low-Health,0.9998723883508603,1,Mid-Health,27.675649999250933,69.9320099057864,39.99571715824795,9.5752374143139,0.2768669814376646,2.2095454545454545,2.959399484090909,4.306298309952147,0.31106386147933607
Kenya,53.29545454545455,0,Low-Health,0.9999999991783586,0,Low-Health,21.863566944534796,69.9320099057864,31.16676827806395,8.028685432585036,0.14798887771344926,1.4572727272727273,4.579550049545454,2.3264817409439607,0.39924808773599507
Benin,53.16545454545455,0,Low-Health,0.9999999999964757,0,Low-Health,50.46245571827533,15.677492923460663,13.92834849857863,7.783116085378314,0.06047487798506606,0.4709090909090909,2.9191471554545454,3.064058637531639,0.3906718946835434
Eritrea,52.593636363636364,0,Low-Health,0.9999999999959126,0,Low-Health,40.046394563970516,69.9320099057864,10.840050843675515,7.431856773556902,0.05276493826103851,1.2559090909090909,5.277845967727273,3.6719007752400317,0.1639238727068459
Togo,52.20136363636364,0,Low-Health,0.9999999997055493,0,Low-Health,51.843658994434925,14.687698855696603,14.414711718737074,7.436875103273617,0.053760475664059046,0.6986363636363636,4.470757592272727,2.823075705416731,0.3015847792313302
Haiti,51.75954545454545,0,Low-Health,0.9999999348929481,0,Low-Health,19.972267715007135,69.9320099057864,24.8383097636663,7.932819335339491,0.152174702896043,2.027727272727273,4.049036351818182,3.965645232543025,0.17757478185947237
Uganda,51.57636363636364,0,Low-Health,0.9999999952056751,0,Low-Health,32.98230498763254,9.039912904110572,18.784902721234022,7.559781102689862,0.1186917135926015,0.6136363636363636,5.30904421,2.117940161302057,0.37724038367086304
Nigeria,51.48954545454546,0,Low-Health,0.9999997007117484,0,Low-Health,57.40058246742066,21.00129783041346,35.62629885853553,8.685684342972504,0.30220675845466527,0.5795454545454546,3.624139145909091,3.0006672497115847,0.3529631686412842
Namibia,51.26136363636363,0,Low-Health,0.9999999989684216,0,Low-Health,20.702815385479344,69.9320099057864,32.78857021389995,9.021812626400232,0.35072089005050117,2.9181818181818184,9.462850831363637,3.3832256981329736,0.4236951208819109
South Sudan,50.93,0,Low-Health,1.0,0,Low-Health,34.932144888720615,69.9320099057864,10.3045765023565,7.2512967506138555,0.03913329674516584,2.13,13.306273632727272,2.5872181487014463,0.22210962920634955
Burkina Faso,50.89954545454545,0,Low-Health,0.9999999999999947,0,Low-Health,59.744579711889564,69.9320099057864,18.34742852006941,7.343006684107683,0.05418683134158635,0.5340909090909091,4.779631148181818,2.6974523587259793,0.3430413159778745
Guinea,50.86363636363637,0,Low-Health,0.9999999999989422,0,Low-Health,45.224225123413,69.9320099057864,18.75697634026506,7.5731259201943155,0.12947202817839343,0.3,4.183966463181818,3.6627073802612404,0.2767937404144092
Mali,50.67545454545454,0,Low-Health,0.9999999999775495,0,Low-Health,63.40937101512203,69.9320099057864,30.419904742272422,7.645773344334589,0.08590660028184982,0.29227272727272724,4.4706204909090905,2.7952586615418102,0.30928101952739806
South Africa,50.483181818181826,0,Low-Health,0.9949280906729642,1,Mid-Health,23.8563584826352,67.822307530232,68.30759616767862,9.384696092044502,0.5585762868023179,2.478863636363636,7.6546009013636365,5.32970046509232,0.4400957119923643
Liberia,50.471818181818186,0,Low-Health,0.9999999999995586,0,Low-Health,40.500864971181024,69.9320099057864,16.424613537686458,7.078376751957852,0.05144896408857569,0.890909090909091,7.832393190454545,3.205700134596689,0.320758087332592
Burundi,50.14227272727272,0,Low-Health,0.9999981814125735,0,Low-Health,29.74489054799935,69.9320099057864,45.33581360230652,6.516064572494277,0.05138419934647862,0.7559090909090909,7.829284429090908,2.3242563108102607,0.24702826586257107
Afghanistan,49.96272727272728,0,Low-Health,0.9999999841881292,0,Low-Health,62.383646657387615,19.583601404623604,35.753209470944824,7.4337305383738785,0.20874954375599655,0.41,10.982762532727271,2.3149821449918995,0.13762038398552934
Cameroon,49.88,0,Low-Health,0.9999915522850737,0,Low-Health,41.449453884601986,69.9320099057864,41.375246023464115,8.054564898649895,0.11052443238724773,1.8988636363636362,3.894844435,3.007972901481718,0.2820143539734028
Angola,49.86045454545455,0,Low-Health,0.9997668472246167,0,Low-Health,24.304601335021072,69.9320099057864,42.49989148369999,8.838152361556059,0.13116780609875728,0.7784090909090909,2.971283794545455,2.7195590049126883,0.25094679662890823
Botswana,49.67409090909091,0,Low-Health,0.99943901860016,1,Mid-Health,20.751422786215237,65.20462322622585,63.039190467568055,9.492583665717568,0.2988580245615424,2.2595454545454547,6.080854676818182,3.5177742681232487,0.4183141826494107
Malawi,49.040000000000006,0,Low-Health,0.9999993109140057,0,Low-Health,23.700541714593275,11.550774622981324,24.956990804429697,7.172784748636985,0.0329511001396859,1.2136363636363638,5.57942708,3.379329660762942,0.3640280585297131
Chad,48.41227272727272,0,Low-Health,0.9999999998532196,0,Low-Health,54.31425678765789,5.837956638931882,10.903710433036062,7.609637620779824,0.04040008734812164,0.43704545454545457,3.584056387727273,2.29970558766139,0.284352915497774
Guinea-Bissau,48.391818181818174,0,Low-Health,0.9999999993716173,0,Low-Health,50.781709182437105,20.761055599498,15.580552435802492,7.330688700152264,0.13178555134831288,0.884090909090909,6.1320400895454545,3.0212841349798523,0.27956555374757636
Zambia,48.345454545454544,0,Low-Health,0.9999999791982674,0,Low-Health,24.876997962940877,69.9320099057864,28.291385500944372,7.946128570109381,0.11422114409002286,1.9863636363636366,5.046227759090909,1.9248746220778785,0.32892878997979386
Sierra Leone,48.11045454545455,0,Low-Health,0.9999999999983782,0,Low-Health,41.576869369171085,7.4060317633495405,13.708156070213251,7.640447019649298,0.03716440459504834,0.4,10.396914395,3.283322652694848,0.347789540629226
Mozambique,46.83181818181818,0,Low-Health,0.9999998402391247,0,Low-Health,20.324354570865058,15.357437252889202,22.06139669451711,6.912730934361582,0.04974209189481406,0.8040909090909092,5.346579150909091,2.7200184862381493,0.33533966582018004
Zimbabwe,45.92818181818182,0,Low-Health,0.9999271332774174,0,Low-Health,20.909399279008237,28.19750433968537,40.58907842922602,8.200925321279755,0.12742128661456614,2.333636363636364,8.190630043636363,3.2813600265464995,0.2707242596781946
Eswatini,42.415,0,Low-Health,0.9990998092110244,0,Low-Health,21.05642741441219,32.582758424779655,56.309267256715835,8.882831666971683,0.136158620255875,2.074090909090909,7.260042536818182,3.0670887170760848,0.3176086424731689
Lesotho,41.97090909090909,0,Low-Health,0.999999431149191,0,Low-Health,23.788700041494533,18.70373965971874,29.45787784593496,7.677715420295751,0.1758613405204664,1.3,8.79083991,4.219910744461,0.34019099271642345
Singapore,71.9809090909091,1,Mid-Health,0.9988220153828928,1,Mid-Health,16.31768634601772,100.0,100.0,11.24457769691408,1.0601706658844894,2.5168181926590907,3.6932130395454545,8.242037535115152,0.239613190803148
Kuwait,68.82227272727272,1,Mid-Health,1.0,1,Mid-Health,60.732731364404614,100.0,100.0,11.109196758547723,1.1492333874858616,2.295909090909091,3.2982095150000004,2.224247941851327,0.2312759175399078
Peru,67.69181818181818,1,Mid-Health,0.9999414204426551,1,Mid-Health,45.57424076565058,48.522055168054976,71.31571890372635,9.169295962419811,0.8775215531275048,1.4472727229454545,4.893856265454546,6.983171927041854,0.24767001558884907
Brunei Darussalam,67.06727272727272,1,Mid-Health,0.999999999552271,1,Mid-Health,7.280531038548748,69.9320099057864,85.48951829103753,11.238232436810195,0.8865716440602919,3.0040909090909094,2.244802355909091,3.817014166973945,0.16051135883731768
Panama,67.02181818181818,1,Mid-Health,0.9999993356157693,1,Mid-Health,15.546183445200718,69.9320099057864,73.6872674403499,9.860732306897425,0.9040064977682085,2.1004545454545456,7.22411275,6.497284121209972,0.24382111391538333
Albania,66.74727272727273,1,Mid-Health,0.997645574748496,1,Mid-Health,20.31506684344404,61.61104477626675,95.11357090309126,9.21371617325864,0.8486443560523037,2.9790909090909095,6.248283125,11.043163844330524,0.24099608771065484
China,66.35954545454545,1,Mid-Health,0.9999999999879261,1,Mid-Health,47.9191922790988,69.9320099057864,76.10987612780795,9.23115121044795,0.9620459923484331,2.9954545454545456,4.591579121818182,9.297506964884361,0.19557664223852253
Lebanon,66.22636363636364,1,Mid-Health,0.9984293439174035,1,Mid-Health,19.542929412724064,45.84692304523631,88.04847685513943,9.546123739795192,1.2360725063724074,3.108636363636364,8.02224872409091,6.515908977112306,0.25009517647994955
Nicaragua,65.985,1,Mid-Health,0.9992807302086706,1,Mid-Health,21.448460797231622,69.9320099057864,85.8787353292987,8.4160809990893,0.5059957970900405,0.8940909047636364,7.307930837727272,4.4386764416203475,0.23991651195120037
Colombia,65.96727272727273,1,Mid-Health,0.9971661967692534,1,Mid-Health,19.355732741185204,70.8137681152084,84.73179199688971,9.342879813521806,1.0174350993296974,1.4036363679636363,6.936479265,6.2279221197655295,0.25236077413985875
Maldives,65.79727272727273,1,Mid-Health,0.9999999906959847,1,Mid-Health,13.872935690605368,69.9320099057864,87.4804707747385,9.564390503263109,0.9294851200113411,3.9,8.714605115,4.1885208457880525,0.17894360037708246
Jordan,65.73681818181818,1,Mid-Health,0.9827380534818149,1,Mid-Health,29.614852281200072,66.10181686388039,97.84610155477866,9.041455436584277,1.198690696707288,1.5972727272727274,7.998081662727273,3.3502799926556786,0.24761069746181474
Tunisia,65.55545454545455,1,Mid-Health,0.9965083173166592,1,Mid-Health,24.9823639713931,76.72489305659687,86.92070284899988,9.19144700430681,0.7477644897385711,1.8027272727272725,5.7657641704545455,6.7053658387336235,0.34655144640196256
Ecuador,65.47545454545455,1,Mid-Health,0.9999996959445641,1,Mid-Health,28.33162430014263,65.49959992130472,80.72952962080963,9.15267846173181,0.9040709186019285,1.4822727272727272,6.416270787272728,6.03371955196502,0.22490017844388818
Thailand,65.40727272727273,1,Mid-Health,0.9999999999998987,1,Mid-Health,34.573573226272444,69.9320099057864,95.12168954903909,9.513501858054083,0.38298708695350947,2.0922727272727273,3.582196496363636,9.169889071509449,0.2120071593671904
Malaysia,65.14954545454545,1,Mid-Health,0.9999080546472191,1,Mid-Health,19.26506340876064,93.28626023477624,94.74223343706795,9.952822355313657,0.8243548527087796,1.924090909090909,3.3332277863636364,5.1498558830958965,0.2120444967774639
Sri Lanka,65.01545454545455,1,Mid-Health,0.9999999999903917,1,Mid-Health,22.668126216904557,46.65703640614049,85.3947287041282,9.124643019870664,0.5517145251388416,3.527727272727273,3.791117495,8.021623692010944,0.20977844443635513
Algeria,64.89636363636363,1,Mid-Health,0.9938391765705469,1,Mid-Health,25.61188165509476,72.59521231484808,86.16870464076061,9.467799372934996,0.8475835338643642,1.6995454545454545,4.666293133636364,5.046192914022132,0.2962226414688014
Mexico,64.65681818181818,1,Mid-Health,0.9999999225773427,1,Mid-Health,21.306581460302905,41.42581281411395,85.97088767090274,9.71248821052566,1.1189346857922153,1.0331818181818182,5.387103862272728,6.23510227359165,0.24831773822440525
Qatar,64.61772727272727,1,Mid-Health,1.0,1,Mid-Health,88.15586225931484,96.41606288336415,99.93654783645816,11.690867097835882,1.2924206491015275,1.451818181818182,2.6070112209090905,1.1077335745962527,0.2207634340545182
Viet Nam,64.58863636363637,1,Mid-Health,0.9996182891342383,1,Mid-Health,23.499733277630856,51.40547703871905,69.94603296796464,8.753666129788783,0.5403932520939161,2.0295454545454543,4.580239121363636,6.4243525783484605,0.18576418133260605
Paraguay,64.55954545454546,1,Mid-Health,0.9999999946184221,1,Mid-Health,11.865078025801148,57.409095294705274,82.51343647842332,9.28552223623701,0.8761597864032824,0.8513636363636364,5.988947391818181,5.04511270327034,0.22227192730926915
Seychelles,64.30681818181819,1,Mid-Health,0.9999912693621061,1,Mid-Health,9.648512738839948,63.12777627919943,97.4822307133493,10.000957802487035,0.9107664099586523,3.8490909090909087,4.989173781363636,7.283414934320246,0.4525089530210705
Saudi Arabia,64.20681818181818,1,Mid-Health,1.0,1,Mid-Health,58.81136922612616,69.9320099057864,97.55983470063202,10.919161170817224,1.025242971380628,2.0986363636363636,4.580260981363637,2.3386158043730734,0.1850067768945839
Oman,63.96136363636364,1,Mid-Health,1.0,1,Mid-Health,45.8718899557734,86.76202332901204,95.61511721396273,10.676635874700997,1.0551985546522866,1.4986363636363635,2.977685402272727,2.581821278201716,0.23511005782377117
Belize,63.95681818181818,1,Mid-Health,0.9997287578805982,1,Mid-Health,25.68541839602203,69.9320099057864,84.01181057281946,9.154961135907746,0.6957800750855846,1.1868181774818183,4.301876317727273,4.083749868458221,0.294620640225819
Bahrain,63.89363636363637,1,Mid-Health,0.9999999986884003,1,Mid-Health,67.62162654749977,98.87809378007525,99.9778439790556,10.82354460568648,0.6697855000682045,2.0304545454545457,3.9776350809090912,2.436085842653586,0.24539789921517735
Jamaica,63.79409090909091,1,Mid-Health,0.999919931963052,1,Mid-Health,16.143489612029732,69.9320099057864,84.63467847131152,9.09376267486614,0.44497715411128486,1.6956818171,5.376960559545455,6.222033286212806,0.2545970237160999
El Salvador,63.6390909090909,1,Mid-Health,0.9994942500273108,1,Mid-Health,25.348066965783627,69.9320099057864,83.82052136989552,8.835977306679904,1.0660734444483642,1.0,8.607534105000001,6.607467669977354,0.23715834267821212
Mauritius,63.52409090909091,1,Mid-Health,0.9999991480935955,1,Mid-Health,9.752426731299813,69.9320099057864,93.50879397401518,9.711717545930647,0.9303191446768648,3.4913636363636367,4.450699783636364,8.01757249167004,0.511763783950671
Libya,63.52045454545455,1,Mid-Health,0.9999999999975362,1,Mid-Health,39.56297814779727,69.9320099057864,89.94218577704916,9.984378341198427,1.0275962680984205,3.6259090909090905,4.281899474545455,4.203131092589176,0.19206781577067344
Tonga,63.43727272727272,1,Mid-Health,0.9999846285109305,1,Mid-Health,12.432922998653117,29.39544268970112,91.4766107691143,8.528343850055329,0.4703586798441751,2.55454546105,4.929328767727273,5.85761768101683,0.20652089469729687
Brazil,62.84636363636364,1,Mid-Health,0.9999896809539023,1,Mid-Health,14.157328620709364,80.29923337922763,82.01364817923537,9.508732147602137,1.0827061510954974,2.4663636363636363,8.569052110909091,7.075480679643365,0.24032521752274016
Grenada,62.81727272727273,1,Mid-Health,0.9999884989709074,1,Mid-Health,23.123538978425483,86.49148076479315,92.09955305272837,9.339987160741451,0.6473887795848682,3.821136350634091,5.249931943181818,9.724831764872876,0.2056760617504157
Suriname,62.44136363636364,1,Mid-Health,0.9996671808019445,1,Mid-Health,27.04556734447596,53.77712523635574,83.68298159729162,9.502885399345326,0.613513480140628,3.0618181731454546,5.377286749090909,5.905629483966322,0.22248159672842577
Morocco,62.26590909090908,1,Mid-Health,0.9897529050758533,1,Mid-Health,25.06460427771054,55.06472285823809,78.29091733697611,8.791602438725802,0.4989416519061664,0.8786363636363635,4.8562248731818185,5.423636409129267,0.35594184774738635
Azerbaijan,62.24818181818182,1,Mid-Health,0.997814035665988,1,Mid-Health,22.45756884915152,52.64393360674206,81.55064651504654,9.410978704802908,1.4812119018681178,5.4372727272727275,3.2495675095454546,6.173886692915389,0.23708282150662754
Bhutan,61.83545454545455,1,Mid-Health,0.9959999978123784,1,Mid-Health,32.39954424596742,40.45673602523536,63.38215436763159,8.961699844423784,0.25049338424577233,1.7668181818181816,3.5876924336363634,5.127293733875667,0.18508478013267207
Tajikistan,61.76499999999999,1,Mid-Health,0.9999847402189775,1,Mid-Health,40.11496899013932,49.23091875560617,94.0155466826241,7.781135802095827,1.0738227016789035,5.16,6.048108252272727,3.300126814859183,0.19833964176349345
Samoa,61.61227272727273,1,Mid-Health,0.9996348291577816,1,Mid-Health,12.781951620906964,60.85579253581874,93.74054326087645,8.535619654503721,0.31838761323031584,1.2563636331113637,5.166076378181818,4.862055100039789,0.25438372236334783
Honduras,61.32,1,Mid-Health,0.991617132495683,1,Mid-Health,25.184593896591995,54.07695300218231,74.91722176703719,8.321703046838563,0.34761126534779296,0.6018181818181818,7.759471416363636,3.2665740597011403,0.2055252814774989
Indonesia,61.31363636363637,1,Mid-Health,0.9999439607636676,1,Mid-Health,21.30184419884989,26.897465068861685,62.75954366568769,9.044832166430085,0.22405222925042778,0.8600000000000001,2.7144906522727275,5.865419879352704,0.24795316505327666
Guatemala,60.808181818181815,1,Mid-Health,0.9992178042463404,1,Mid-Health,28.29150300588386,49.57725024155248,65.45740347904808,8.909727304439764,0.5799148542466288,0.5659090909090909,6.1259096759090905,4.019516792129032,0.23353830072543832
Iraq,60.36818181818182,1,Mid-Health,0.999983849633985,1,Mid-Health,42.57074888293909,55.22461275165192,84.20866917708587,9.312760428244323,0.5239213178054524,1.2281818181818183,3.499955392727273,3.077366835722153,0.1332996433694318
Kazakhstan,60.13999999999999,1,Mid-Health,0.9989697071743169,1,Mid-Health,20.069704808214553,78.36497717689917,97.4032458108536,9.857856935679447,1.5578957832619915,6.656363636363636,3.284852146363636,7.026444437486413,0.22764833836796283
Turkmenistan,59.82818181818182,1,Mid-Health,0.9999969432303147,1,Mid-Health,20.75816071757383,82.61528879097308,95.90777403087804,9.172661700645945,1.1946797574143433,4.3122727272727275,4.569887746818182,3.8611955095543506,0.12796970910109046
Mongolia,59.26909090909091,1,Mid-Health,1.0,1,Mid-Health,27.727678396060693,29.142799319590278,56.07928570931365,9.052579608027736,1.3970881705284228,7.41,4.538929484545455,3.7980683655253458,0.24204921991758258
Fiji,59.23727272727273,1,Mid-Health,0.9959856379489389,1,Mid-Health,12.619591212144227,40.41848651049295,91.10706246822669,9.062999796315912,0.4712102873046276,1.9838636363636362,3.6003887763636366,4.654785101924194,0.27355749906277743
Uzbekistan,59.19772727272727,1,Mid-Health,0.9999009521783461,1,Mid-Health,33.80878347821786,66.92399258473782,94.85447873198441,8.630088621936515,1.2955487478131456,4.930454545454546,5.205938535454545,4.903314964175833,0.14665450809834313
Vanuatu,58.54727272727273,1,Mid-Health,0.9862671693038457,0,Low-Health,14.179391197560413,18.223870427219396,52.54979410110964,7.900840448389972,0.13843695429407607,2.2999999891590908,3.579833962272727,3.347868408762901,0.23930702818150032
Timor-Leste,58.489999999999995,1,Mid-Health,1.0,1,Mid-Health,18.173416714417165,69.9320099057864,42.18651018972833,7.916326185625814,0.31716198808671314,5.9,6.6353688245,4.337059292464803,0.20582312978671866
Guyana,57.1390909090909,1,Mid-Health,0.999043529649079,1,Mid-Health,25.03686187393578,64.71783288459835,83.84598032854008,9.227240783020585,0.6252819198341982,2.1999999999999997,4.048285895454545,4.792633148107553,0.22090294653131554
Myanmar,56.834999999999994,1,Mid-Health,0.9514006533279062,1,Mid-Health,35.35480706162769,43.97298148428917,68.95899641909932,8.120592535992804,0.43353707445946127,0.8602272727272727,3.320199825,5.4967761586277755,0.1349890470028806
Equatorial Guinea,51.091818181818184,1,Mid-Health,0.9461124322575369,1,Mid-Health,32.34797421145478,69.9320099057864,62.735251839328335,9.941594155774327,0.2370464564832012,1.9363636363636365,2.019652800909091,3.406535343656337,0.23367005702422208
Japan,72.44545454545454,2,High-Health,1.0,2,High-Health,12.545070385615464,98.18272302324891,99.97394150509048,10.496789041577282,1.17820034755,13.580454545454545,9.300913333181818,23.687209719035934,0.2714011175641428
Iceland,70.595,2,High-Health,0.9999987611801378,2,High-Health,6.361150422051503,95.65796527440989,98.7870652139152,10.697362548156567,1.5504982339394258,4.3612613636363635,8.709491730909091,12.720535565965196,0.2642637456714446
Spain,70.43181818181819,2,High-Health,0.9999999999981775,2,High-Health,12.520835593948014,99.5419862594964,99.87617354193598,10.395949505742328,1.5530214692551347,3.1636363636363636,8.561309381363635,17.64439360629831,0.2539008061310289
Sweden,70.41863636363637,2,High-Health,0.9999999999999809,2,High-Health,7.451588251579966,99.55520682368902,99.03159993761955,10.679694308976536,1.569250186420012,2.6695454545454544,9.501629527272728,18.531371242416764,0.2629121142566208
Switzerland,70.24681818181818,2,High-Health,0.9999999999999796,2,High-Health,12.694687506361396,96.70000005746515,99.88808028935362,10.93418957411356,1.5995620333547846,5.157272727272727,10.43787717909091,17.00030756054107,0.2683082262602811
Italy,70.18181818181819,2,High-Health,1.0,2,High-Health,20.01196128850975,95.93819366684365,99.8856112775307,10.494643137056924,1.570942754184008,3.6631818181818185,8.556832529545455,20.870130078048025,0.2788321268891458
Israel,70.085,2,High-Health,0.9917806135803734,2,High-Health,22.851986276449143,99.63749268426236,99.98088976242234,10.382004979045226,1.5188963447048776,3.419545454545455,7.001967385454545,10.540421570559234,0.25415494589302007
Cyprus,69.97045454545454,2,High-Health,0.9995974073644733,2,High-Health,17.523547253150987,97.83043235310684,99.56126400973635,10.390012704676645,1.205085821056585,2.875909090909091,6.434733237727272,11.589130466970825,0.2727546831680447
Luxembourg,69.96227272727273,2,High-Health,0.9999987930394721,2,High-Health,11.817682450192343,99.76208787538839,97.64337194171311,11.430602009102975,1.30992369113496,5.292272714268182,6.010969205454546,14.152919837304244,0.26634813228118115
Malta,69.8809090909091,2,High-Health,0.9999999984007921,2,High-Health,15.113978989144114,99.9563674878687,99.96251238460717,10.383923659316093,1.493802568835176,5.559090909090909,8.46166201,15.715012662727036,0.28905739833549504
Norway,69.82363636363637,2,High-Health,0.9999999999514033,2,High-Health,7.831098417300364,99.43638176061926,98.0613867007475,10.965466640397807,1.6365400366698213,4.183636363636364,9.125884555,15.699508723361408,0.2604129176375409
Canada,69.59772727272728,2,High-Health,0.9999999952796204,2,High-Health,8.089664713585789,98.27016766846738,99.39560399436463,10.629872266459497,1.1572606273720967,2.933636363636364,10.203420205454545,14.782915660369941,0.3061779281546527
Australia,69.56,2,High-Health,0.9999989030210322,2,High-Health,7.485972748876882,69.9320099057864,99.99590467772246,10.623825667840546,1.438973059029015,3.8590909090909093,8.899498634545454,14.034037946491496,0.2613788909802255
France,69.55636363636364,2,High-Health,1.0,2,High-Health,12.953755966506238,98.32097574427767,98.65501318104717,10.530852378190623,1.4689629886753834,6.924090909090908,10.903111500454544,17.783464250363053,0.255192682839642
Austria,69.25681818181819,2,High-Health,0.9999999999999982,2,High-Health,15.402471800368556,98.24326916258079,99.98531105545207,10.694570878389785,1.7470711084221322,7.576363636363637,10.103421254545454,17.461177861091326,0.2474800205470569
Greece,68.95727272727272,2,High-Health,1.0,2,High-Health,19.51702180925972,98.87989858961068,98.55971012236373,10.195896760157991,1.882956518501037,4.513181818181819,8.515407649545454,19.713981913879827,0.2092440943237178
Ireland,68.85272727272728,2,High-Health,0.9999700245750066,2,High-Health,10.167830702847493,83.87103286226153,89.8898855890158,10.94375937058565,1.4799709759782813,3.945909090909091,8.004484978636363,12.199502733089055,0.2767936146924193
New Zealand,68.83590909090908,2,High-Health,0.9999993070176901,2,High-Health,6.761834574000568,90.45230428760775,99.99999844661974,10.412353901722552,1.31019840023937,3.605909090909091,8.918550664090908,13.440994602637618,0.26754771475484057
Costa Rica,68.80863636363637,2,High-Health,0.8237847718386513,1,Mid-Health,18.15755319617965,79.03574155564078,96.03394475344099,9.587195609496495,1.1220772448184717,1.2654545454545454,7.300652504090909,7.770872459861164,0.27288105420494957
Finland,68.71318181818182,2,High-Health,0.9999999999999472,2,High-Health,6.568375025016831,97.63353894376236,99.44806489625799,10.59081835545283,1.483668525145067,5.498636363636364,8.795418586818181,18.26961424882346,0.2580364992463491
Germany,68.70045454545455,2,High-Health,1.0,2,High-Health,14.566063107514564,99.87927568422137,99.22312341591838,10.66246734835574,1.5744887903044686,8.343636363636364,10.902915347272726,19.9888907280351,0.27121855715957505
Denmark,68.69545454545454,2,High-Health,0.9999999999995437,2,High-Health,12.24885093267821,97.0849735845863,99.5972343691419,10.702833950947023,1.5432301200503082,3.3084090909090906,9.796429850454546,17.08385781890794,0.26161862895394566
Belgium,68.69454545454545,2,High-Health,0.9999999999999991,2,High-Health,15.445807658452168,99.70505666260578,99.4858062872961,10.63473931144046,1.3793040768213078,6.078636363636363,9.951258442272728,17.714401875112983,0.2441167542737693
Portugal,68.39818181818181,2,High-Health,0.999999999999996,2,High-Health,10.983654856508554,94.28746854068207,98.76635021990137,10.223981769152076,1.6540461844958152,3.4672727272727273,9.519273194090909,19.151217623316114,0.23454319567692447
Slovenia,68.27772727272728,2,High-Health,0.9999999999417977,2,High-Health,18.910447032909364,93.81859436014538,98.82057789925808,10.291583596346124,1.285644952969961,4.649545454545454,8.334623835454545,16.880818192556372,0.222213293721214
Chile,67.88681818181819,2,High-Health,0.9691027003232793,1,Mid-Health,24.402061666477348,95.23184880130552,96.64661186631184,9.828517587104363,0.9762220652933752,2.2531818181818184,7.64295229,10.308852365543968,0.2612576675529313
Cuba,67.75363636363636,2,High-Health,0.9999959126534596,2,High-Health,20.11864321649199,69.9320099057864,86.36135558491036,9.229325184449424,2.101275304466531,4.491818181818181,10.225752614545454,12.821304520080046,0.13618916312054033
Czechia,66.96227272727273,2,High-Health,0.9999999999565516,2,High-Health,19.316061298233766,96.89323831216058,99.05575995995126,10.31094807068404,1.5561819276790507,7.111363636363635,7.100366765454546,16.3871545792318,0.2525453242605589
Croatia,66.86181818181818,2,High-Health,0.9999999999993898,2,High-Health,21.20495427362803,86.16422594869313,96.73087018845719,9.97878200073714,1.5359674992342314,5.621818181818181,7.08535575909091,18.539662458557924,0.21130917236378688
Montenegro,66.49625,2,High-Health,0.9999998573263702,2,High-Health,22.689257035688275,84.75742491949866,94.61437601416702,9.711016746903752,1.1947933013086425,3.87,8.5534074625,14.426165928467675,0.2677674915681573
Uruguay,66.25727272727273,2,High-Health,0.9999998179296542,2,High-Health,10.897175886330793,69.9320099057864,95.47069618586642,9.80328572563337,1.6258792820543992,2.0031818133136365,8.500146540454544,14.21945177634566,0.25015429702532593
Poland,66.08818181818182,2,High-Health,0.9999999772183681,2,High-Health,24.45763350108715,91.62589085829084,94.30884018710094,10.01610010897403,1.2186688322218284,6.285,6.204828067727274,14.54623832809621,0.2608938943954311
Barbados,66.07045454545454,2,High-Health,0.9999749376391086,2,High-Health,22.29110287883282,69.9320099057864,93.69773811652618,9.836421709313484,1.1447220962122246,6.597045454545454,6.711054974545454,12.379876520574083,0.32650685046808464
Argentina,65.73,2,High-Health,0.9997779226577552,2,High-Health,15.057721014046122,69.9320099057864,92.13379880016788,9.781974209409457,1.5371408869387764,4.245,9.010371360454545,10.594160958759261,0.2568934810188749
Serbia,65.48875,2,High-Health,0.9999999999996962,2,High-Health,28.491508946636277,74.7350813625703,97.04872188279312,9.67147695911722,1.3438923429778014,5.2225,9.039147436875,18.850363268213012,0.2997803441094636
Estonia,65.40590909090909,2,High-Health,0.9999999995855715,2,High-Health,8.673599520895813,95.28174542242742,99.31500351541796,10.124989589947859,1.448479262393214,5.293636363636364,6.059255556818181,17.808102488167517,0.24599905222826496
North Macedonia,65.19909090909091,2,High-Health,0.9999090788023469,2,High-Health,34.211268455942694,80.41341085833984,92.86531105809102,9.437563749964674,1.2844755460277306,4.454545454545454,7.282495195454545,12.382304812846401,0.27691761192274417
Hungary,64.81227272727273,2,High-Health,0.9999999999984568,2,High-Health,19.138437908321325,88.09873619513063,98.01047352260413,10.0565283669273,1.4145615087049475,7.321818181818182,7.2100427595454555,17.040384082767524,0.25597040925515535
Romania,64.40409090909091,2,High-Health,0.9999997598651373,2,High-Health,19.01671076285781,81.82712883995491,79.85124351717882,9.82712424153621,1.271775877374268,6.964545454545455,5.179513065,16.1895822924822,0.27160959149214986
Bulgaria,64.29227272727273,2,High-Health,0.9999999999997646,2,High-Health,22.601858458799686,94.3932286596017,85.93609870434715,9.68824246646298,1.566274162993316,6.825454545454545,7.124909531363636,18.871146058881553,0.28744650278995276
Armenia,64.27545454545454,2,High-Health,0.9987801615508246,2,High-Health,32.7779231172107,82.84838224178336,90.451445811863,9.029575974840615,1.3274125379291173,4.512727272727273,8.482338622727273,10.974734324838096,0.26151308306838
Lithuania,63.66227272727272,2,High-Health,0.9999999999927001,2,High-Health,13.09572076684891,83.23154245185641,89.60574091097459,10.073725773980318,1.6108732454869599,7.065,6.417772639999999,17.504166773962464,0.24872133995920628
Latvia,63.57772727272727,2,High-Health,0.9999999999982765,2,High-Health,16.363092165191134,94.0820686303371,90.23776886545578,9.903864584273549,1.410609962517435,6.634545454545455,6.020737302272727,18.21934994376428,0.25315702116244526
Georgia,63.51499999999999,2,High-Health,0.9999847400569265,2,High-Health,17.836330149764215,62.94666921778769,82.11831150689896,9.15065365725727,1.7843685874616135,4.013636363636364,7.813380610454545,14.077685321886804,0.3095236842492975
Belarus,62.357272727272736,2,High-Health,0.9999999973565785,2,High-Health,20.0333184618806,88.62150800308169,95.44684730525002,9.623975622713195,1.6557817968563224,10.34,5.686169038636364,14.469937735440134,0.16998305457664034
Ukraine,60.968636363636364,2,High-Health,0.999999990305561,2,High-Health,19.921615881635546,80.79720020149642,96.03896677289202,9.158422555462169,1.417660884142069,8.155,6.75765523,15.25634683242082,0.22019058407391806
